63 Route de Poupier,07270,Boucieu-le-Roi,France,Ardèche
36 Rue du Général de Gaulle,59680,Ferrière-la-Grande,France,Nord
29 Rue de la Large Patte,62570,Wizernes,France,Pas-de-Calais
7 Rue du Stade,85150,Vairé,France,Vendée
17 Rue de la Fontaine,02210,Chouy,France,Aisne
68 68,01300,Belley,France,Ain
9 Rue de la Malicorne,03410,Domérat,France,Allier
9 Place Robert Marcelpoil,01500,Ambérieu-en-Bugey,France,Ain
60 Rue du Chevalier de la Barre,59860,Bruay-sur-l'Escaut,France,Nord
1 Chemin de la Ragée,01200,Léaz,France,Ain
54 Route de la Tranche sur Mer,85460,La Faute-sur-Mer,France,Vendée
15 Rue de la Place Verte,08270,Saulces-Monclin,France,Ardennes
4 Rue de la Fontaine,02290,Morsain,France,Aisne
8 Rue du Commerce,03230,Lusigny,France,Allier
7 Route du Vieux Moulin,06830,Bonson,France,Alpes-Maritimes
24 Rue Henri Alavoine,02110,Bohain-en-Vermandois,France,Aisne
13 Au Chene Blanc,33230,Lagorce,France,Gironde
39 Rue Louis Mandrin,03120,Le Breuil,France,Allier
1027 Route de la Diote,13105,Mimet,France,Bouches-du-Rhône
20 Rue Daguesseau,59100,Roubaix,France,Nord
87 Rue de la 10e Armee,59640,Dunkerque,France,Nord
16 Rue de la Fontaine,85590,Saint-Mars-la-Réorthe,France,Vendée
11 Rue des Pampres,44190,Clisson,France,Loire-Atlantique
71 Rue Saint Maurice,59100,Roubaix,France,Nord
36 Rue Capitaine Yves Hervouet,44300,Nantes,France,Loire-Atlantique
7 Place des Prunus,07800,Beauchastel,France,Ardèche
66 Rue Edouard Agache,59840,Pérenchies,France,Nord
14 Chemin des Foins,44380,Pornichet,France,Loire-Atlantique
11 Rue de Bel-air,44680,Sainte-Pazanne,France,Loire-Atlantique
46 Hameau de Maisnil,62530,Servins,France,Pas-de-Calais
18 Chemin des Alpins,38100,Grenoble,France,Isère
215 Boulevard de la Republique,01090,Montmerle-sur-Saône,France,Ain
1 Impasse Jules Vedrines,38150,Roussillon,France,Isère
511 Chemin de l'Estre,83550,Vidauban,France,Var
542 Chemin de la Bourgeat,38380,Miribel-les-Échelles,France,Isère
35 Rue du Chateau Gaillard,85350,L'Île-d'Yeu,France,Vendée
9 Chemin de Besses,07240,Silhac,France,Ardèche
3 Rue des Saules,76110,Manneville-la-Goupil,France,Seine-Maritime
200 Rue de la Rigaudière,44522,Mésanger,France,Loire-Atlantique
16 Rue Louis Carmontellle,77240,Seine-Port,France,Seine-et-Marne
27 Rue de Bretagne,59400,Cambrai,France,Nord
20 Grand Rue,13114,Puyloubier,France,Bouches-du-Rhône
6 Rue du Grand Châtelet,08400,Vouziers,France,Ardennes
35 Route de Malnoue,77420,Champs-sur-Marne,France,Seine-et-Marne
61 Chemin du Baousse,06340,Cantaron,France,Alpes-Maritimes
33 33,85310,Le Tablier,France,Vendée
113 Rue Henri Ghesquiere,59450,Sin-le-Noble,France,Nord
3 Rue de Cettigne,62440,Harnes,France,Pas-de-Calais
1686 Chemin des Vergers,06620,Le Bar-sur-Loup,France,Alpes-Maritimes
53 Rue du Lac,59254,Ghyvelde,France,Nord
1 Chemin de la Halte,06130,Grasse,France,Alpes-Maritimes
15 Rue Maurice Ferchaud,33910,Saint-Denis-de-Pile,France,Gironde
49 Rue des Freres Patteyn,59114,Steenvoorde,France,Nord
72 Residence Castellet Park,83330,Le Castellet,France,Var
30 Boulevard Hilarion Boeuf,13010,Marseille 10e Arrondissement,France,Bouches-du-Rhône
4 Place Rantian,03800,Gannat,France,Allier
125 125,59258,Les Rues-des-Vignes,France,Nord
207 Rue de l'Acacia,13300,Salon-de-Provence,France,Bouches-du-Rhône
6 Rue la Cour,08430,Neuvizy,France,Ardennes
40 Route des Pepinieres,38200,Chuzelles,France,Isère
76 Avenue Guidetti,13600,La Ciotat,France,Bouches-du-Rhône
2 Chemin des Geais,33340,Queyrac,France,Gironde
31 Avenue Gravelais,44380,Pornichet,France,Loire-Atlantique
52 Rue Clément Ader,76650,Petit-Couronne,France,Seine-Maritime
30 Grande Rue,03290,Diou,France,Allier
21 Lotissement les Genets,83700,Saint-Raphaël,France,Var
3 Residence Hurtevent,62153,Souchez,France,Pas-de-Calais
20 Avenue de la Milletière,44000,Nantes,France,Loire-Atlantique
13 Impasse du Hameau du Coteau,44310,Saint-Philbert-de-Grand-Lieu,France,Loire-Atlantique
4 Place de l'Oie,07140,Les Vans,France,Ardèche
7 Rue Jean Perrin,33600,Pessac,France,Gironde
150 Rue Henri Hermant,62700,Bruay-la-Buissière,France,Pas-de-Calais
14 Rue des Lilas,85160,Saint-Jean-de-Monts,France,Vendée
17 Route de Bel Air,08260,Auvillers-les-Forges,France,Ardennes
3 Avenue Victor Basch,77330,Ozoir-la-Ferrière,France,Seine-et-Marne
7 Rue du Rhône,07130,Châteaubourg,France,Ardèche
530 Boulevard Grignan,83000,Toulon,France,Var
5 Rue Ottaviani,83170,Brignoles,France,Var
27 Rue du Petit Marais,02820,Saint-Erme-Outre-et-Ramecourt,France,Aisne
12 Quai Rousseau Mechin,85100,Les Sables-d'Olonne,France,Vendée
17 Rue de l'Ardèche,13140,Miramas,France,Bouches-du-Rhône
3 Impasse du Genievre les Clairieres,13170,Les Pennes-Mirabeau,France,Bouches-du-Rhône
29 Rue Pasteur,59294,Haussy,France,Nord
18 Rue Pasteur,13120,Gardanne,France,Bouches-du-Rhône
4 Allee des Vignes du Paradis,83320,Carqueiranne,France,Var
25 Rue du Général de Gaulle,77120,Coulommiers,France,Seine-et-Marne
37 Impasse Saint Charles,59510,Forest-sur-Marque,France,Nord
66 Rue de Roubaix,59242,Templeuve-en-Pévèle,France,Nord
33 Rue du Bocage,85610,Cugand,France,Vendée
49 Rue Jean Lebas,59310,Nomain,France,Nord
120 Rue Germain Delebecque,62800,Liévin,France,Pas-de-Calais
6 Impasse de la Salicorne,85560,Longeville-sur-Mer,France,Vendée
78 Rue du Grifeuil,76500,Elbeuf,France,Seine-Maritime
36 Rue de Moscou,59510,Forest-sur-Marque,France,Nord
6 Rue de Metz,62500,Saint-Omer,France,Pas-de-Calais
96 Rue de Sonru,08150,Rouvroy-sur-Audry,France,Ardennes
78 Rue Robert Parfait,62840,Laventie,France,Pas-de-Calais
75 Route du Plantay,01330,Versailleux,France,Ain
21 Rue des Sports,44530,Saint-Gildas-des-Bois,France,Loire-Atlantique
2 Route de Sauveterre,33670,Saint-Léon,France,Gironde
1040 1040,83690,Tourtour,France,Var
21 Rue du Moulin,02420,Hargicourt,France,Aisne
26 Boulevard de la République,59153,Grand-Fort-Philippe,France,Nord
4026 Route de Sospel,06500,Menton,France,Alpes-Maritimes
267 267,38960,Saint-Aupre,France,Isère
211 211,13630,Eyragues,France,Bouches-du-Rhône
23 Allée de la Brun,83190,Ollioules,France,Var
3 Rue Bardiaux,03300,Cusset,France,Allier
2 Rue de Montifaud,03500,Saulcet,France,Allier
11 Place du Marche,77100,Meaux,France,Seine-et-Marne
12 Résidence Jacques Brel,59215,Abscon,France,Nord
8 Lotissement Payraud,83400,Hyères,France,Var
44 Rue Quedlinburg,59620,Aulnoye-Aymeries,France,Nord
214 Chemin Aurelien,83470,Saint-Maximin-la-Sainte-Baume,France,Var
874 Chemin des Gautiers,38710,Châtel-en-Trièves,France,Isère
1 Rue de la Mignonne,33170,Gradignan,France,Gironde
155 Route de Saint Jean de Monts,85300,Challans,France,Vendée
12 Rue Pelletier,02250,Marle,France,Aisne
18 18,33330,Saint-Hippolyte,France,Gironde
1 Voie Notre Dame de Lorette,62000,Arras,France,Pas-de-Calais
7 Avenue des Poilus,06100,Nice,France,Alpes-Maritimes
8 Rue a la Gare,08110,Linay,France,Ardennes
13 Rue Neuve,62640,Montigny-en-Gohelle,France,Pas-de-Calais
10 10,03250,Le Mayet-de-Montagne,France,Allier
5 Allée du Château,62137,Coulogne,France,Pas-de-Calais
5 Rue Guizot,59100,Roubaix,France,Nord
3 Route de Montceau,38300,Ruy-Montceau,France,Isère
16 Douaire de Fosset,08110,Pure,France,Ardennes
960 Route de Vouvray,01200,Valserhône,France,Ain
14 Rue du Coupe-gueule,62120,Witternesse,France,Pas-de-Calais
49 Avenue Cernuschi,06500,Menton,France,Alpes-Maritimes
188 Route des Gorges,83560,Vinon-sur-Verdon,France,Var
7 Rue des Fauvettes,76400,Saint-Léonard,France,Seine-Maritime
84 Avenue Jean Jaurès,06190,Roquebrune-Cap-Martin,France,Alpes-Maritimes
17 Rue de la Vinaigrerie,08120,Bogny-sur-Meuse,France,Ardennes
2 Ruelle de la Ruche,01640,Jujurieux,France,Ain
10 Rue de l'Ile a la Meule,02200,Soissons,France,Aisne
18 Rue Nicolas et Jacques Wilbaut,08300,Rethel,France,Ardennes
419 Impasse de la Sabliere,76430,Saint-Gilles-de-la-Neuville,France,Seine-Maritime
2 Rue du Château d'Eau,77540,Courpalay,France,Seine-et-Marne
57 Boulevard Gustave Grégoire,02700,Tergnier,France,Aisne
17 Rue des Sources,08000,Charleville-Mézières,France,Ardennes
381 Route de Belley,01470,Briord,France,Ain
61 Rue de l'Abbaye,59730,Solesmes,France,Nord
60 Avenue Pasteur,13890,Mouriès,France,Bouches-du-Rhône
12 Traverse du Jas de Serre,13013,Marseille 13e Arrondissement,France,Bouches-du-Rhône
1 Impasse Léon Drouard,44690,Saint-Fiacre-sur-Maine,France,Loire-Atlantique
7 Rue René Jouglet,59144,Gommegnies,France,Nord
4 Rue du Beau Chene,59150,Wattrelos,France,Nord
93 Rue de Pont de Veyle,01290,Crottet,France,Ain
2524 Rue du Bois,62350,Calonne-sur-la-Lys,France,Pas-de-Calais
15 Avenue d'Armor,44300,Nantes,France,Loire-Atlantique
16 Rue Gabriel Péri,59620,Aulnoye-Aymeries,France,Nord
12 Rue de Montévidéo,02410,Saint-Gobain,France,Aisne
653 Route de Trevoux,01600,Saint-Didier-de-Formans,France,Ain
6 Rue Sainte Anne,02600,Villers-Cotterêts,France,Aisne
8 Allee des Seringats,76890,Tôtes,France,Seine-Maritime
24 Rue Fauquet Lemaitre,76170,Lillebonne,France,Seine-Maritime
82 Rue du Rivage,59850,Nieppe,France,Nord
2 Chemin des Ministres,77630,Saint-Martin-en-Bière,France,Seine-et-Marne
814 Hameau de Marnod,01130,Saint-Germain-de-Joux,France,Ain
2 Rue du Bardat,07260,Joyeuse,France,Ardèche
4 Rue Aristide Briand,02150,Sissonne,France,Aisne
8 Verzun d'En Bas,03140,Target,France,Allier
16 Impasse du Val de Cuet,01340,Montrevel-en-Bresse,France,Ain
6 Rue de l'Eglise,62161,Marœuil,France,Pas-de-Calais
27 27,01150,Lagnieu,France,Ain
1 Rue du Chat de Caudescure,59660,Merville,France,Nord
1687 Route de Crangeat,01440,Viriat,France,Ain
10 Rue du General de Gaulle,59660,Merville,France,Nord
15 15,44320,Frossay,France,Loire-Atlantique
1 Rue Paul Devaux,03200,Le Vernet,France,Allier
732 Route du Carel,76730,Saint-Ouen-le-Mauger,France,Seine-Maritime
31 31,03250,Châtel-Montagne,France,Allier
5 Rue de la Croix de Roche,02290,Berny-Rivière,France,Aisne
7 Avenue de Roquefavour,13580,La Fare-les-Oliviers,France,Bouches-du-Rhône
109 Rue du Bois Hardy,44100,Nantes,France,Loire-Atlantique
169 Rue du Galibot,59182,Montigny-en-Ostrevent,France,Nord
1 Avenue d'Orvilliers,03000,Moulins,France,Allier
13 Rue du Marché,07140,Les Vans,France,Ardèche
90 Avenue de la Liberte,01110,Plateau d'Hauteville,France,Ain
374 Rue de la Magdeleine,01160,Varambon,France,Ain
14 Rue Constant Andre,77610,Fontenay-Trésigny,France,Seine-et-Marne
33 Rue Christian Gérard,77176,Savigny-le-Temple,France,Seine-et-Marne
52 Avenue Louis Enjolras,13380,Plan-de-Cuques,France,Bouches-du-Rhône
2 Rue du Safranier,83720,Trans-en-Provence,France,Var
18 Rue Jean Billaud,03100,Montluçon,France,Allier
53 Rue de Beau Val,33560,Carbon-Blanc,France,Gironde
33 Rue de Mourzouk,44300,Nantes,France,Loire-Atlantique
23 Rue Charles de Gaulle,03110,Saint-Didier-la-Forêt,France,Allier
24 Rue Puget de Saint Pierre,02470,Neuilly-Saint-Front,France,Aisne
32 32,07240,Saint-Apollinaire-de-Rias,France,Ardèche
165 Chemin des Gastonnieres,85270,Notre-Dame-de-Riez,France,Vendée
1 Rue Emilien Tauriac,33200,Bordeaux,France,Gironde
406 406,07300,Plats,France,Ardèche
9 Chemin du Petit Mont Solu,77123,Noisy-sur-École,France,Seine-et-Marne
2 All des Mimosas Hauts Vaugrenier,06270,Villeneuve-Loubet,France,Alpes-Maritimes
32 Rue de l'Eglise,85210,Sainte-Hermine,France,Vendée
76 Route de Draguignan,06130,Grasse,France,Alpes-Maritimes
970 Grande Rue,01570,Feillens,France,Ain
119 Rue du Port d'Ecoué,85200,Montreuil,France,Vendée
7 Rue du Maquis de Chaugy,03340,Bessay-sur-Allier,France,Allier
7 Route de Montbeugny,03340,Neuilly-le-Réal,France,Allier
3 Impasse des Remparts,13660,Orgon,France,Bouches-du-Rhône
166 Rue Claude Monet,76640,Yébleron,France,Seine-Maritime
85 Traverse Saint Andrieux,06620,Le Bar-sur-Loup,France,Alpes-Maritimes
302 302,85250,Saint-André-Goule-d'Oie,France,Vendée
14 Résidence de l'Artois,62800,Liévin,France,Pas-de-Calais
482 Rotonde 2211a,06910,Collongues,France,Alpes-Maritimes
37 Rue de Metz,59390,Lys-lez-Lannoy,France,Nord
4 Allée des Bouleaux,77390,Verneuil-l'Étang,France,Seine-et-Marne
1 Place de l'Ecole,07300,Cheminas,France,Ardèche
3 Chemin de Crémillat,03140,Chareil-Cintrat,France,Allier
350 Rue Victor Hugo,38140,Rives,France,Isère
60 Rue Camille Saint Saens,59500,Douai,France,Nord
25 Rue Olivier de Serres,83130,La Garde,France,Var
2 Rue du Stade,13120,Gardanne,France,Bouches-du-Rhône
70 Rue de Calais,59200,Tourcoing,France,Nord
325 Avenue Saint Roch,13430,Eyguières,France,Bouches-du-Rhône
23 Route de Lorrez,77620,Égreville,France,Seine-et-Marne
13 Rue de Liéval,02200,Rozières-sur-Crise,France,Aisne
1135 Rue de Busnes,62350,Saint-Venant,France,Pas-de-Calais
115 Chemin des Moulines,07200,Saint-Étienne-de-Fontbellon,France,Ardèche
44 Rue Jean Jaurès,76410,Tourville-la-Rivière,France,Seine-Maritime
2 Allée Fontaine Grand Piquey,33950,Lège-Cap-Ferret,France,Gironde
11 Rue du Capitaine Yves Allais,44210,Pornic,France,Loire-Atlantique
2 Impasse des Boutons d'Or,85750,Angles,France,Vendée
12 Corniche André de Joly,06300,Nice,France,Alpes-Maritimes
3160 Route du Val de Gilly,83310,Grimaud,France,Var
25 25,38790,Diémoz,France,Isère
7 Route de Cosne d'Allier,03210,Souvigny,France,Allier
3 Rue Eugène Martin,08330,Vrigne aux Bois,France,Ardennes
5 Rue du Verger,03500,Montord,France,Allier
41 Rue Daniele Casanova,59223,Roncq,France,Nord
2 Rue la Conserverie des Flandres,59270,Bailleul,France,Nord
83 Rue de Rome,13006,Marseille 6e Arrondissement,France,Bouches-du-Rhône
27 Rue Jules Massenet,59130,Lambersart,France,Nord
28 Allée des Glycines,77230,Saint-Mard,France,Seine-et-Marne
15 Route de Commentry,03600,Colombier,France,Allier
76 Rue Jean Jaurès,59300,Aulnoy-lez-Valenciennes,France,Nord
7 Rue du Colonel de Contenson,08210,Mouzon,France,Ardennes
12 Rue Creuse,77169,Chauffry,France,Seine-et-Marne
218 Chemin du Louage Pinot,03290,Dompierre-sur-Besbre,France,Allier
67 Rue Charles de Gaulle,02800,Achery,France,Aisne
33 Avenue du Général de Gaulle,59380,Bergues,France,Nord
17 Chemin de Dompire,38110,Sainte-Blandine,France,Isère
4 Residence Gernrode,59138,Bachant,France,Nord
5 Rue du Chêne Vert,03500,Saint-Pourçain-sur-Sioule,France,Allier
1 Route de la Croix Blanche,77710,Paley,France,Seine-et-Marne
162 Rue de Vieux-berquin,59190,Hazebrouck,France,Nord
50 Rue Jean Mermoz,33500,Libourne,France,Gironde
81 Route de Dieppe,76590,Torcy-le-Petit,France,Seine-Maritime
10 Impasse de la Residence de Malaval,38460,Saint-Romain-de-Jalionas,France,Isère
6 Rue René Coty,76133,Rolleville,France,Seine-Maritime
12 12,03150,Varennes-sur-Allier,France,Allier
9 Place de la 4e Republique,83670,Varages,France,Var
20 Chemin de la Passerelle,06100,Nice,France,Alpes-Maritimes
4855 Route du Doux,07320,Saint-Agrève,France,Ardèche
7 Rue du Linot,44700,Orvault,France,Loire-Atlantique
4 Rue de la Paix,38600,Fontaine,France,Isère
2 Route de Saint Prix,03120,Lapalisse,France,Allier
25 25,44430,Le Landreau,France,Loire-Atlantique
2 Rue Saint Exupery,38160,Saint-Marcellin,France,Isère
1 Boulevard Jean Giono,13340,Rognac,France,Bouches-du-Rhône
59 Rue Saint Jacques,59170,Croix,France,Nord
277 Chemin des Dannés,03310,Villebret,France,Allier
1320 Route de Gournay,76160,Préaux,France,Seine-Maritime
1320 1320,38510,Arandon-Passins,France,Isère
9 Allee Alain Fournier,77600,Guermantes,France,Seine-et-Marne
10 Rue Jean Giraudoux,59150,Wattrelos,France,Nord
67 67,83830,Figanières,France,Var
105 Impasse des Faysses,07400,Rochemaure,France,Ardèche
4 Lotissement les Groix,85450,Moreilles,France,Vendée
135 Rue Centrale,07340,Talencieux,France,Ardèche
51 Route de Bremontier,76780,Hodeng-Hodenger,France,Seine-Maritime
136 Route de Bouge,38150,Agnin,France,Isère
1 Rue de la Chapelle,62450,Rocquigny,France,Pas-de-Calais
16 Route de Pierreville,76730,Bacqueville-en-Caux,France,Seine-Maritime
4 Rue de Thionville,77165,Cuisy,France,Seine-et-Marne
100 Impasse des Frenes,38870,Saint-Siméon-de-Bressieux,France,Isère
10 Rue des Augustins,03800,Gannat,France,Allier
120 Grand Rue,07700,Saint-Marcel-d'Ardèche,France,Ardèche
67 Rue Robert Key,62232,Annezin,France,Pas-de-Calais
25 Rue de la Madeleine,77170,Brie-Comte-Robert,France,Seine-et-Marne
99 Rue Toutes Aures,07170,Villeneuve-de-Berg,France,Ardèche
7 Square Louis Aragon,85300,Challans,France,Vendée
50 Chemin des Fossés,77230,Saint-Mard,France,Seine-et-Marne
56 Rue des Mauguins,02400,Château-Thierry,France,Aisne
26 Rue du Langhe Gracht,59180,Cappelle-la-Grande,France,Nord
782 Chemin des Putiers,07130,Saint-Péray,France,Ardèche
565 Avenue Pierre le Goffic,83130,La Garde,France,Var
672 Chemin des Hautes Valettes,06140,Tourrettes-sur-Loup,France,Alpes-Maritimes
45 45,13230,Port-Saint-Louis-du-Rhône,France,Bouches-du-Rhône
18 Rue Saint Denis,77700,Coupvray,France,Seine-et-Marne
40 Avenue Charles de Gaulle,08200,Balan,France,Ardennes
384 Route des 3 Maisons,76680,Pommeréval,France,Seine-Maritime
49 Rue Louis Benard,62200,Boulogne-sur-Mer,France,Pas-de-Calais
705 Rue Principale,38850,Charavines,France,Isère
55 Rue de la Grange,83500,La Seyne-sur-Mer,France,Var
24 Rue de la Loi,02220,Couvrelles,France,Aisne
22 Rue du Meuble,03230,Beaulon,France,Allier
54 Rue de Saint Martin,08300,Doux,France,Ardennes
198 Chemin de Saumont,01250,Ceyzériat,France,Ain
2 Route Res du Zudrove Rte Tilques,62910,Serques,France,Pas-de-Calais
16 16,59790,Ronchin,France,Nord
277 Chemin du Lavoir,01640,L'Abergement-de-Varey,France,Ain
12 Rue de la Forêt,03170,Saint-Angel,France,Allier
443 Route d'Ales,07110,Uzer,France,Ardèche
831 Route de Laghet,06320,La Turbie,France,Alpes-Maritimes
36 Route du Grand Pont,07300,Saint-Jean-de-Muzols,France,Ardèche
19 Rue Molière,38490,Saint-André-le-Gaz,France,Isère
17 Rue de l'Océan,44210,Pornic,France,Loire-Atlantique
121 Rue de Lille,59100,Roubaix,France,Nord
26 Chemin des Tilleuls,01430,Lantenay,France,Ain
1614 Route de Branne,33420,Génissac,France,Gironde
16 16,76690,Cailly,France,Seine-Maritime
7 Rue du Lioux,01590,Dortan,France,Ain
1 Montee des Orangers,06310,Beaulieu-sur-Mer,France,Alpes-Maritimes
6 Rue de Laveau,85120,Breuil-Barret,France,Vendée
1 Bois de la Cote,03500,Monétay-sur-Allier,France,Allier
62 Rue Jules Coupé,02100,Saint-Quentin,France,Aisne
18 Rue d'Auvergne,13310,Saint-Martin-de-Crau,France,Bouches-du-Rhône
6 Lotissement le Poustouron,83780,Flayosc,France,Var
33 Chemin Lacal,38740,Entraigues,France,Isère
3 Rue de la Vicomte,02120,Vadencourt,France,Aisne
71 Rue du Progrès,38170,Seyssinet-Pariset,France,Isère
10 10,83300,Draguignan,France,Var
175 Chemin d'Auréac,07000,Coux,France,Ardèche
12 Allée des Epinettes,08200,Floing,France,Ardennes
1 Chemin Raoul Coletta,83110,Sanary-sur-Mer,France,Var
1 Rue du Merdelot,02500,Mondrepuis,France,Aisne
7 Rue du Moulin,62530,Hersin-Coupigny,France,Pas-de-Calais
5 Rue Blériot,62160,Grenay,France,Pas-de-Calais
101 Route de Carcans,33680,Lacanau,France,Gironde
126 Rue du Château d'Eau,62260,Auchel,France,Pas-de-Calais
13 Rue de Fleurange,08200,Sedan,France,Ardennes
41 41,08700,Gespunsart,France,Ardennes
45 Rue Pierre Brossolette,76300,Sotteville-lès-Rouen,France,Seine-Maritime
33 Allée des Mésanges,33500,Libourne,France,Gironde
12 12,38360,Noyarey,France,Isère
11 Rue de Sarly,02600,Dampleux,France,Aisne
129 Rue de la Cuve d'Or,59500,Douai,France,Nord
9 Route des Bacs,76110,Annouville-Vilmesnil,France,Seine-Maritime
6 Rue du Havre,59000,Lille,France,Nord
257 257,59290,Wasquehal,France,Nord
6 Rue du Château,06420,Isola,France,Alpes-Maritimes
1 Rue de la Gare de sous le Bois,59600,Maubeuge,France,Nord
1220 1220,33810,Ambès,France,Gironde
411 Rue du Bastringue,76440,Serqueux,France,Seine-Maritime
17 17,44400,Rezé,France,Loire-Atlantique
5 Rue des Gariguettes,62138,Douvrin,France,Pas-de-Calais
20 Rue Hector Berlioz,62930,Wimereux,France,Pas-de-Calais
114 Route des Mésanges,76110,Manneville-la-Goupil,France,Seine-Maritime
340 Chemin de la Colline,83110,Sanary-sur-Mer,France,Var
37 Rue du 14 Juillet,83470,Saint-Maximin-la-Sainte-Baume,France,Var
11 Rue Soeur Sainte Fidéline,76260,Eu,France,Seine-Maritime
5 Chemin de Lapras,07100,Annonay,France,Ardèche
2 Chemin du Stade de Melas,07400,Le Teil,France,Ardèche
2 Rue Corneille,59350,Saint-André-lez-Lille,France,Nord
362 Rue Louis Pasteur,59231,Gouzeaucourt,France,Nord
3 Rue Jean Moulin,03700,Bellerive-sur-Allier,France,Allier
8 Rue Jacqueline Auriol,85220,Coëx,France,Vendée
226 Lieu Dit Saint Amand,33880,Cambes,France,Gironde
13 Grande Rue,07700,Bourg-Saint-Andéol,France,Ardèche
49 Rue du Marronnier,77220,Favières,France,Seine-et-Marne
9 Avenue Jean-claude Dupau,07250,Le Pouzin,France,Ardèche
31 Route de Bordeaux,33550,Lestiac-sur-Garonne,France,Gironde
35 Impasse de la Ribeyre,07260,Rosières,France,Ardèche
12 Rue du Montcel,02880,Bucy-le-Long,France,Aisne
75 Rue du Docteur Canteteau,85100,Les Sables-d'Olonne,France,Vendée
97 Rue de Toulouse,77290,Mitry-Mory,France,Seine-et-Marne
9 Avenue de Magudas,33700,Mérignac,France,Gironde
6 Avenue de Grasse,06400,Cannes,France,Alpes-Maritimes
17 Rue des Noues,77880,Grez-sur-Loing,France,Seine-et-Marne
8 Allée des Perdrix,13013,Marseille 13e Arrondissement,France,Bouches-du-Rhône
21 Allée des Cèdres,44700,Orvault,France,Loire-Atlantique
29 Rue des Eglantiers,77950,Moisenay,France,Seine-et-Marne
1 Avenue Saint Roch,13430,Eyguières,France,Bouches-du-Rhône
666 Avenue de la Calade,83140,Six-Fours-les-Plages,France,Var
2 Rue du Clos de l'Orgerie,44830,Bouaye,France,Loire-Atlantique
107 Rue Gambetta,77670,Saint-Mammès,France,Seine-et-Marne
180 Rue Saint Laurent,76480,Duclair,France,Seine-Maritime
6 Rue du Four a Chaux,08400,Quatre-Champs,France,Ardennes
11 Rue Andre Warin,02390,Mont-d'Origny,France,Aisne
8 Rue Aldona,33400,Talence,France,Gironde
226 Impasse des Muriers III,13340,Rognac,France,Bouches-du-Rhône
1 Rue Eugène Guillotin,76560,Doudeville,France,Seine-Maritime
10 Rue des Rêves,85120,La Châtaigneraie,France,Vendée
54 Rue des Fusillés,62330,Guarbecque,France,Pas-de-Calais
53 Rue du Breganconnet,83250,La Londe-les-Maures,France,Var
3 Rue Louis Pasteur,59552,Courchelettes,France,Nord
4 Rue Principale,76220,Doudeauville,France,Seine-Maritime
52 Rue de la Pierriere,85330,Noirmoutier-en-l'Île,France,Vendée
3 Impasse de la Roussière,01390,Saint-André-de-Corcy,France,Ain
90 Impasse de la Cave,07200,Vogüé,France,Ardèche
15 Rue du Lac de Bairon,08390,Sauville,France,Ardennes
1 Rue Pierre Waroquit,08380,Fligny,France,Ardennes
913 Voie Communale Mairie Vignes des Mares,01190,Saint-Bénigne,France,Ain
1 Avenue de Bretagne,33600,Pessac,France,Gironde
255 La Haute Hantrie,85610,La Bernardière,France,Vendée
13 Chemin des Jinestes,33610,Cestas,France,Gironde
31 Lotissement Mer et Montagne,83140,Six-Fours-les-Plages,France,Var
6 Avenue Jean Mermoz,06600,Antibes,France,Alpes-Maritimes
26 Rue Monge,76620,Le Havre,France,Seine-Maritime
9 Chemin des Rouliers,62116,Bucquoy,France,Pas-de-Calais
73 Rue de la Plaine,38160,Saint-Marcellin,France,Isère
46 Rue Pasteur,59760,Grande-Synthe,France,Nord
420 Route de la Peyriere,06250,Mougins,France,Alpes-Maritimes
261 Chemin des Valettes,83136,Néoules,France,Var
113 Chemin de la Crx de Saint Esteve,06330,Roquefort-les-Pins,France,Alpes-Maritimes
2 Rue de Toulon,62510,Arques,France,Pas-de-Calais
15 Chemin de l'Abîme,77290,Mitry-Mory,France,Seine-et-Marne
9 Rue de la Motte,02140,Voulpaix,France,Aisne
5 Rue des Arceaux,06600,Antibes,France,Alpes-Maritimes
22 Rue du Moulin,08310,La Neuville-en-Tourne-à-Fuy,France,Ardennes
1 Chemin d'Idogne,03110,Escurolles,France,Allier
4 Grande Rue,08260,Maubert-Fontaine,France,Ardennes
860 860,07110,Rocles,France,Ardèche
64 Rue Jean Baptiste Vigier,44400,Rezé,France,Loire-Atlantique
26 Chemin de la Noria,13720,La Bouilladisse,France,Bouches-du-Rhône
27 Avenue de Lignan,33360,Cénac,France,Gironde
140 Chemin de Lezardieres,38140,Charnècles,France,Isère
15 Rue des Albarelles,07400,Le Teil,France,Ardèche
7 Rue du Quartier,02420,Levergies,France,Aisne
16 Allee des Camelias,44250,Saint-Brevin-les-Pins,France,Loire-Atlantique
5 Rue Messine,83500,La Seyne-sur-Mer,France,Var
9 Rue Robert Cochet,02440,Montescourt-Lizerolles,France,Aisne
42 Rue Pasteur,59370,Mons-en-Barœul,France,Nord
2 Route de Gras,44350,Guérande,France,Loire-Atlantique
18 Avenue du Général de Gaulle,77510,Rebais,France,Seine-et-Marne
8 Rue Pierre Curie,03160,Ygrande,France,Allier
17 Impasse du Trimouillet,03700,Serbannes,France,Allier
43 Route de Chassignet,03140,Chareil-Cintrat,France,Allier
355 Rue de l'Usine,59590,Raismes,France,Nord
11 Rue des Allees,62152,Neufchâtel-Hardelot,France,Pas-de-Calais
8 Rue d'Armentières,59210,Coudekerque-Branche,France,Nord
217 Rue Beausite,01600,Trévoux,France,Ain
5 Rue Geoffroy,77340,Pontault-Combault,France,Seine-et-Marne
3 Rue Georges Durand,85000,La Roche-sur-Yon,France,Vendée
10 Avenue des Oliviers,06800,Cagnes-sur-Mer,France,Alpes-Maritimes
3 Rue Haute,08270,Sery,France,Ardennes
21 Rue Bretonnie,03100,Montluçon,France,Allier
13 Rue Jean Perrin,03100,Montluçon,France,Allier
13 Route de Savenay,44360,Saint-Étienne-de-Montluc,France,Loire-Atlantique
19 19,44750,Campbon,France,Loire-Atlantique
27 Rue des Bleuets,62370,Offekerque,France,Pas-de-Calais
540 Chemin de la Tour de Gonas,38290,Frontonas,France,Isère
10 Rue Valmy Coquelet,59243,Quarouble,France,Nord
582 Grande Rue,01580,Izernore,France,Ain
25 Avenue des Jonquilles,44340,Bouguenais,France,Loire-Atlantique
59 Rue Clémenceau,59142,Villers-Outréaux,France,Nord
12 Rue du Vercors,03300,Cusset,France,Allier
94 Rue de la Greve,59173,Blaringhem,France,Nord
6 Rue Jules Massenet,76000,Rouen,France,Seine-Maritime
31 Rue de la Gare,02220,Mont-Notre-Dame,France,Aisne
10 Rue Antoine Lavoisier,85750,Angles,France,Vendée
3 Rue Raymond Jamet,03190,Vallon-en-Sully,France,Allier
11 11,33430,Cudos,France,Gironde
20 Rue Nicole,62600,Berck,France,Pas-de-Calais
15 Rue du Lac de Bairon,08390,Bairon et ses environs,France,Ardennes
1 Rue Eugene Solomas,83160,La Valette-du-Var,France,Var
4 Rue Nicolas Boileau,76120,Le Grand-Quevilly,France,Seine-Maritime
16 Rue Ambroise Marolle,02110,Fonsomme,France,Aisne
19 Les Petites Chaumes,03360,Ainay-le-Château,France,Allier
1 Rue du Pont Romain,06400,Cannes,France,Alpes-Maritimes
3 Route de Paris,03190,Vallon-en-Sully,France,Allier
931 Rue de Listergaux,62370,Zutkerque,France,Pas-de-Calais
241 Rue de la Basse Chutte,44390,Petit-Mars,France,Loire-Atlantique
13 Rue Anna Politkovskaia,85000,La Roche-sur-Yon,France,Vendée
312 Route Wylder Straete,59670,Hardifort,France,Nord
9 Route du Lin,76560,Canville-les-Deux-Églises,France,Seine-Maritime
5 Parc Res Loisirs l'Amelie,33780,Soulac-sur-Mer,France,Gironde
212 Rue de Pessac,33000,Bordeaux,France,Gironde
50 Rue Jean Moulin,62300,Lens,France,Pas-de-Calais
240 240,06240,Beausoleil,France,Alpes-Maritimes
8 Lotissement Coteau des Auches,07700,Bourg-Saint-Andéol,France,Ardèche
26 Rue Fremaux,59000,Lille,France,Nord
37 Rue Raoul Briquet,62740,Fouquières-lès-Lens,France,Pas-de-Calais
87 Avenue du Parc de Lescure,33000,Bordeaux,France,Gironde
6 Lotissement du Parc,38390,La Balme-les-Grottes,France,Isère
64 Allee des Anciens Combattants,62126,Wimille,France,Pas-de-Calais
1 Rue des Troenes,02260,La Capelle,France,Aisne
25 Rue Récluse,83790,Pignans,France,Var
465 Chemin du Bosquet,07200,Saint-Étienne-de-Fontbellon,France,Ardèche
1 Avenue d'Arquier,83270,Saint-Cyr-sur-Mer,France,Var
177 Chemin de la Lauvette,06300,Nice,France,Alpes-Maritimes
6 Rue du Château d'Eau,02300,Besmé,France,Aisne
319 319,83170,Camps-la-Source,France,Var
16 16,83550,Vidauban,France,Var
13 Rue Albert Einstein,02300,Chauny,France,Aisne
3095 Route du Col du Buisson,07410,Pailharès,France,Ardèche
151 Rue de Roubaix,59126,Linselles,France,Nord
560 Chemin du Chateau,83131,Montferrat,France,Var
618 Chemin de la Curasse,13780,Cuges-les-Pins,France,Bouches-du-Rhône
7 Allée des Cerisiers,76360,Pissy-Pôville,France,Seine-Maritime
8 Place de la Mairie,83440,Callian,France,Var
180 Rue des Aygas,07290,Satillieu,France,Ardèche
10 Rue Malpart,59800,Lille,France,Nord
308 Avenue Antony Galvaing,83370,Fréjus,France,Var
3 Imm Ecrins,38110,La Tour-du-Pin,France,Isère
14 Grande Rue,07400,Meysse,France,Ardèche
13 13,44580,Villeneuve-en-Retz,France,Loire-Atlantique
10 10,85600,Montaigu-Vendée,France,Vendée
6 Rue Fernande Cardosi,08200,Wadelincourt,France,Ardennes
1 Rue de la Louvetiere,77340,Pontault-Combault,France,Seine-et-Marne
954 954,83570,Montfort-sur-Argens,France,Var
168 Avenue Corot,13014,Marseille 14e Arrondissement,France,Bouches-du-Rhône
6 Rue Boson,38200,Vienne,France,Isère
82 Avenue du Docteur Berthier,01800,Meximieux,France,Ain
35 Route de la Ciotat,13400,Aubagne,France,Bouches-du-Rhône
19 Chemin du Pe du Canon,85520,Jard-sur-Mer,France,Vendée
62 Rue des Ecoles,62179,Audinghen,France,Pas-de-Calais
52 Chemin Departemental 58,62143,Angres,France,Pas-de-Calais
22 Route d'Eygalieres,13660,Orgon,France,Bouches-du-Rhône
63 63,76540,Angerville-la-Martel,France,Seine-Maritime
80 Avenue Jean Jaurès,38400,Saint-Martin-d'Hères,France,Isère
9 Rue du Docteur Donat Bollet,01990,Baneins,France,Ain
86 Allée de la Crusille,38480,Le Pont-de-Beauvoisin,France,Isère
4 Rue des Aires,85520,Saint-Vincent-sur-Jard,France,Vendée
3 Allee du Colonel Fabien,77370,Nangis,France,Seine-et-Marne
5 Rue de la Noue Fleurie,44760,La Bernerie-en-Retz,France,Loire-Atlantique
112 Rue de Tourcoing,59960,Neuville-en-Ferrain,France,Nord
16 Rue Henri Ferric,76210,Bolbec,France,Seine-Maritime
21 Rue Marius Lenglet,59149,Cousolre,France,Nord
612 Rue Centrale,01360,Balan,France,Ain
9 Rue du Docteur Guépin,44770,Préfailles,France,Loire-Atlantique
308 308,06000,Nice,France,Alpes-Maritimes
15 Rue Maurice Guillemard,03190,Vallon-en-Sully,France,Allier
36 Boulevard Joseph Garnier,06000,Nice,France,Alpes-Maritimes
16 Avenue du Colombier,03390,Montmarault,France,Allier
845 Route du Village,07400,Aubignas,France,Ardèche
430 Rue de Gand,59200,Tourcoing,France,Nord
60 Impasse des Fenestres,07310,Saint-Martin-de-Valamas,France,Ardèche
77 Lotissement de Trelatour,01170,Cessy,France,Ain
26 Chemin du Muguet,77176,Nandy,France,Seine-et-Marne
3268 Rue du Grand Chemin,59253,La Gorgue,France,Nord
46 Chemin de la Fantaisie,85200,Fontenay-le-Comte,France,Vendée
9 Rue de la Couture,02310,Charly-sur-Marne,France,Aisne
3 Passage de l'Aumônerie,85440,Talmont-Saint-Hilaire,France,Vendée
697 697,83490,Le Muy,France,Var
8 Boulevard Jean Bouin,77370,Nangis,France,Seine-et-Marne
12 Rue de l'Eglise,76280,Turretot,France,Seine-Maritime
7 Allee des Bleuets,59780,Willems,France,Nord
28 Rue de la Bauduère,85100,Les Sables-d'Olonne,France,Vendée
8 Rue Pasteur,07300,Tournon-sur-Rhône,France,Ardèche
91 Rue du Girerd,38080,Saint-Marcel-Bel-Accueil,France,Isère
1531 Route de la Jallat,07310,Saint-Julien-d'Intres,France,Ardèche
18 Rue Pablo Neruda,77200,Torcy,France,Seine-et-Marne
10 Rue Louis Loiselet,59171,Hornaing,France,Nord
14 Allée des Marronniers,02720,Homblières,France,Aisne
173 Route de Fort-mardyck,59640,Dunkerque,France,Nord
319 Chemin de Roussillon,38740,Valbonnais,France,Isère
75 Rue de la Mairie,07270,Gilhoc-sur-Ormèze,France,Ardèche
270 Rue de la Pyramide,59220,Denain,France,Nord
157 157,33620,Tizac-de-Lapouyade,France,Gironde
101 R Hortensias la Napoule,06210,Mandelieu-la-Napoule,France,Alpes-Maritimes
9 Rue de Hercé,44200,Nantes,France,Loire-Atlantique
10 Rue du Peu du Renard,03100,Montluçon,France,Allier
11 Rue Basse,13320,Bouc-Bel-Air,France,Bouches-du-Rhône
4 Impasse Françoise Dolto,44740,Batz-sur-Mer,France,Loire-Atlantique
20 Rue du 8 Mai,62410,Hulluch,France,Pas-de-Calais
17 Rue Partouneaux,06500,Menton,France,Alpes-Maritimes
101 Rue Faidherbe,59690,Vieux-Condé,France,Nord
13 Rue de la Vallée,76730,Gueures,France,Seine-Maritime
3 Rue Mathieu,08300,Rethel,France,Ardennes
8 Rue de la République,02500,Hirson,France,Aisne
336 Rue de la Libération,76940,Arelaune-en-Seine,France,Seine-Maritime
7 Rue Nelson Mandela,59380,Armbouts-Cappel,France,Nord
41 Avenue de la République,06300,Nice,France,Alpes-Maritimes
16 Rue François Perrin,03700,Bellerive-sur-Allier,France,Allier
9 Allée des Charmes,77170,Brie-Comte-Robert,France,Seine-et-Marne
107 Chemin de la Roubine,13300,Salon-de-Provence,France,Bouches-du-Rhône
17 Rue du Docteur Roux,03100,Montluçon,France,Allier
3 Rue de la Futaie,44680,Sainte-Pazanne,France,Loire-Atlantique
17 Rue Dantan,76320,Caudebec-lès-Elbeuf,France,Seine-Maritime
68 Impasse de la Forge,38480,Saint-Albin-de-Vaulserre,France,Isère
27 Chemin De-la Fontaine,06130,Grasse,France,Alpes-Maritimes
54 Rue de Bergues,59470,Esquelbecq,France,Nord
2 Allée des Souches Vertes,77420,Champs-sur-Marne,France,Seine-et-Marne
2177 Route d'Outtersteene,59270,Bailleul,France,Nord
455 Rue du Thieulin,76690,Fontaine-le-Bourg,France,Seine-Maritime
8 Allée de la Joyeuse,13140,Miramas,France,Bouches-du-Rhône
2 Rue du Pré Menancourt,02410,Saint-Gobain,France,Aisne
19 Route de Baigneaux,33760,Targon,France,Gironde
5 Rue des Aubepines,59155,Faches-Thumesnil,France,Nord
126 Boulevard Victor Hugo,62100,Calais,France,Pas-de-Calais
31 Rue de l'Aisne,08400,Vouziers,France,Ardennes
2 Rue des Fontenelles,85310,Nesmy,France,Vendée
115 Rue Meurein,59800,Lille,France,Nord
22 Chemin Sorgentino,06300,Nice,France,Alpes-Maritimes
11 Rue de l'Echalier Cornu,03350,Cérilly,France,Allier
28 Rue du Haut Castelet,06600,Antibes,France,Alpes-Maritimes
120 Route de Champvaroux,38110,Saint-Clair-de-la-Tour,France,Isère
10 Rue Jules Valles,03100,Montluçon,France,Allier
10 Impasse du Fabricou,07000,Coux,France,Ardèche
5 Rue de la Tuilerie,01100,Arbent,France,Ain
5 Avenue Felix Mioche,03430,Villefranche-d'Allier,France,Allier
25 25,76460,Pleine-Sève,France,Seine-Maritime
10 Rue Jules Demarez,59278,Escautpont,France,Nord
947 Avenue Beausoleil,13320,Bouc-Bel-Air,France,Bouches-du-Rhône
1670 Chemin de la Nantaise,44350,Guérande,France,Loire-Atlantique
18 Rue les Pres St Martin,76570,Limésy,France,Seine-Maritime
313 Rue de la Résistance,59460,Jeumont,France,Nord
15 Rue des Monts,08000,Charleville-Mézières,France,Ardennes
4 Route de Vichy,03500,Bayet,France,Allier
231 Chemin de la Tourisse,83260,La Crau,France,Var
46 Rue de la Gare,59760,Grande-Synthe,France,Nord
31 Rue Saint Jacques,59170,Croix,France,Nord
57 Rue Bernard Palissy,33160,Saint-Médard-en-Jalles,France,Gironde
24 Route de Ferrières,03300,Cusset,France,Allier
340 Chemin Rene Pouchol,06670,Levens,France,Alpes-Maritimes
16 Rue de l'Arbousier,13800,Istres,France,Bouches-du-Rhône
172 172,07220,Saint-Montan,France,Ardèche
7 Rue Basse,02140,Franqueville,France,Aisne
101 Boulevard Gambetta,02700,Tergnier,France,Aisne
1550 Route de Lynck,59630,Cappelle-Brouck,France,Nord
42 Rue Husson,02130,Fère-en-Tardenois,France,Aisne
47 Rue du Pont de Fer,62190,Lillers,France,Pas-de-Calais
330 330,07110,Sanilhac,France,Ardèche
420 Impasse des Lilas II,13340,Rognac,France,Bouches-du-Rhône
8 Rue Vaucanson,38230,Tignieu-Jameyzieu,France,Isère
3 Rue du Couvent,08220,Fraillicourt,France,Ardennes
590 Chemin des Hoirs,83140,Six-Fours-les-Plages,France,Var
2 Rue de Champagne,02100,Lesdins,France,Aisne
12 Avenue des Cigales,44300,Nantes,France,Loire-Atlantique
7 Rue des Royes,59300,Valenciennes,France,Nord
4 Rue des Hirondelles,44140,La Planche,France,Loire-Atlantique
4100 4100,83460,Les Arcs,France,Var
20 20,07400,Alba-la-Romaine,France,Ardèche
202 Rue Isaac Newton,76520,Franqueville-Saint-Pierre,France,Seine-Maritime
190 Chemin d'Avenas,07160,Saint-Jean-Roure,France,Ardèche
1062 Rue de l'Eglise,76810,Gruchet-Saint-Siméon,France,Seine-Maritime
17 Rue Alfred Lambert,62600,Berck,France,Pas-de-Calais
5 Rue de la Fonderie,13250,Saint-Chamas,France,Bouches-du-Rhône
51 Rue Jean de la Fontaine,59880,Saint-Saulve,France,Nord
2589 2589,07150,Orgnac-l'Aven,France,Ardèche
275 Chemin des Eyssarettes,13122,Ventabren,France,Bouches-du-Rhône
7 Rue Gaston Samain,59600,Maubeuge,France,Nord
1625 Avenue Aristide Briand,83200,Toulon,France,Var
4 Rue des Combattants En à F N,03000,Moulins,France,Allier
588 Boulevard Abbadie,13730,Saint-Victoret,France,Bouches-du-Rhône
1 Chemin des Meuniers,38780,Septème,France,Isère
49 Saint Ouen,76730,Brachy,France,Seine-Maritime
560 Route de Chalon,01340,Jayat,France,Ain
8 Impasse des Pommiers,06800,Cagnes-sur-Mer,France,Alpes-Maritimes
4 Rue des Fauvettes,76220,Gournay-en-Bray,France,Seine-Maritime
14 Route de Dieppe,76230,Isneauville,France,Seine-Maritime
5 Lieu Dit Varennes des Cotes,03230,Saint-Martin-des-Lais,France,Allier
7 Route de la Batisse,03800,Gannat,France,Allier
21 Avenue President Kennedy,38300,Bourgoin-Jallieu,France,Isère
3 Chemin de la Maure,06530,Peymeinade,France,Alpes-Maritimes
17 Rue du Domaine Duplantier,33400,Talence,France,Gironde
18 Route du Puy,07380,Lalevade-d'Ardèche,France,Ardèche
204 Avenue du Maréchal de Lattre de Tassigny,44500,La Baule-Escoublac,France,Loire-Atlantique
4 Boulevard Pasteur,85580,Saint-Michel-en-l'Herm,France,Vendée
31 Rue Saint-victorien,44110,Châteaubriant,France,Loire-Atlantique
4 Le Petit Clou,85110,Monsireigne,France,Vendée
944 Route de Sassolas,07100,Saint-Marcel-lès-Annonay,France,Ardèche
640 Rue Ferrer,08500,Revin,France,Ardennes
15 Rue du Centre,85800,Le Fenouiller,France,Vendée
5 Rue de Montgelard,77130,La Grande-Paroisse,France,Seine-et-Marne
135 Rue du Creusansson,07210,Saint-Symphorien-sous-Chomérac,France,Ardèche
124 Route d'Argent,01300,Groslée-Saint-Benoit,France,Ain
1 Rue Colonel Driant,62800,Liévin,France,Pas-de-Calais
154 154,02600,Cœuvres-et-Valsery,France,Aisne
158 Route de Revermont,01851,Marboz,France,Ain
545 Grand Moulin,07440,Saint-Sylvestre,France,Ardèche
7 Rue de Rome,59100,Roubaix,France,Nord
1 Rue Frédéric Mistral,07300,Tournon-sur-Rhône,France,Ardèche
10 Impasse du Micocoulier,13111,Coudoux,France,Bouches-du-Rhône
67 Grand Rue,02270,Pouilly-sur-Serre,France,Aisne
37 Rue Gay Lussac,77290,Mitry-Mory,France,Seine-et-Marne
16 16,08110,Carignan,France,Ardennes
42 Avenue Jacques Louis Dumesnil,77760,Larchant,France,Seine-et-Marne
34 Rue de Cambronne,62260,Auchel,France,Pas-de-Calais
7 Impasse des Acacias,08300,Rethel,France,Ardennes
24 Chemin des Eglantiers,83143,Le Val,France,Var
33 Avenue des Acacias,77140,Montcourt-Fromonville,France,Seine-et-Marne
35 Route de Combarionne,06470,Péone,France,Alpes-Maritimes
6 Rue Nelson Mandela,62000,Arras,France,Pas-de-Calais
6 Chemin Prive,59123,Zuydcoote,France,Nord
90 90,59268,Sancourt,France,Nord
246 Rue d'Aire,62120,Roquetoire,France,Pas-de-Calais
3 Impasse de l'Outinais,44220,Couëron,France,Loire-Atlantique
13 Place Vatin,02230,Fresnoy-le-Grand,France,Aisne
9 Chemin Morazzani,13080,Aix-en-Provence,France,Bouches-du-Rhône
49 Rue Billaudel,08300,Rethel,France,Ardennes
149 149,07590,Saint-Étienne-de-Lugdarès,France,Ardèche
35 Boulevard Carnot,13100,Aix-en-Provence,France,Bouches-du-Rhône
41 Cite les Corbeaux,59168,Boussois,France,Nord
8 Rue Danielle Casanova,77680,Roissy-en-Brie,France,Seine-et-Marne
2 Rue Bringier Monnier,83640,Saint-Zacharie,France,Var
214 Avenue André Maurois,76360,Barentin,France,Seine-Maritime
1158 1158,07210,Chomérac,France,Ardèche
5 Rue de la Clapauderie,76630,Bailly-en-Rivière,France,Seine-Maritime
105 105,01330,Ambérieux-en-Dombes,France,Ain
74 Rue Bellus Mareilhac,33200,Bordeaux,France,Gironde
8 Rue de Beaumont,44390,Nort-sur-Erdre,France,Loire-Atlantique
5 Rue Ferdinand Fleury,02830,Saint-Michel,France,Aisne
45 Route de Clermont,03000,Moulins,France,Allier
18 Rue de Bir Hakeim,62940,Haillicourt,France,Pas-de-Calais
14 Allée des Pâquerettes,77500,Chelles,France,Seine-et-Marne
6 Rue de l'Eglise,03390,Murat,France,Allier
24 Chemin de la Brugère,07200,Saint-Sernin,France,Ardèche
45 Rue du Cours du Moulin,85350,L'Île-d'Yeu,France,Vendée
758 Chemin de Peygros,83890,Besse-sur-Issole,France,Var
8 Rue de l'Ormeau,77930,Chailly-en-Bière,France,Seine-et-Marne
622 Chemin du Collet des Abeilles,83136,Néoules,France,Var
10 Rue Nouvelle,76660,Londinières,France,Seine-Maritime
1 Chemin du Champ de Renwez,08150,Sécheval,France,Ardennes
12 Rue de la Digue,08460,Signy-l'Abbaye,France,Ardennes
16 Rue Voltaire,59450,Sin-le-Noble,France,Nord
97 Route d'Antibes,06410,Biot,France,Alpes-Maritimes
227 Boulevard des Graviers,83150,Bandol,France,Var
16 16,03320,Lurcy-Lévis,France,Allier
2753 ,06320,La Turbie,France,Alpes-Maritimes
3 Rue Anatole de la Forge,02700,Tergnier,France,Aisne
195 Rue de la Vallee,08150,Rouvroy-sur-Audry,France,Ardennes
6 Rue du Moulin,02360,Parfondeval,France,Aisne
35 Rue de la Brachetière,85170,Le Poiré-sur-Vie,France,Vendée
1 Rue du 19 Mars 1962,83120,Le Plan-de-la-Tour,France,Var
12 Rue de Mocquepanier,77460,Souppes-sur-Loing,France,Seine-et-Marne
37 Boulevard Stalingrad,06340,La Trinité,France,Alpes-Maritimes
30 Rue Martin Luther King,59491,Villeneuve-d'Ascq,France,Nord
215 Avenue du General de Gaulle,33350,Sainte-Terre,France,Gironde
3 Allée du Jasmin,77240,Cesson,France,Seine-et-Marne
30 Chemin de Trevet,01800,Rignieux-le-Franc,France,Ain
14 Rue du 8eme Regiment d'Infanterie,33200,Bordeaux,France,Gironde
66 Rue de l'Engoulevent,01960,Péronnas,France,Ain
69 Route du Vivier,01300,Arboys en Bugey,France,Ain
55 Avenue des Balmes,01700,Miribel,France,Ain
6 Rue des Fromigeons,08240,Autruche,France,Ardennes
113 Quai des Corderies,59240,Dunkerque,France,Nord
19 Rue de la Chapelle,62140,Cavron-Saint-Martin,France,Pas-de-Calais
120 Chemin de Veillant,01370,Courmangoux,France,Ain
41 Allee des Erables,33380,Marcheprime,France,Gironde
12 Rue Thiers,13100,Aix-en-Provence,France,Bouches-du-Rhône
12 Rue du Moulin,85440,Grosbreuil,France,Vendée
19 Rue du Sport,03200,Vichy,France,Allier
27 Rue Louis Bellaud,13300,Salon-de-Provence,France,Bouches-du-Rhône
177 All du Bocage,01480,Villeneuve,France,Ain
14 Allee des Glycines,62231,Coquelles,France,Pas-de-Calais
629 Promenade du Pin de Noguier,06260,La Penne,France,Alpes-Maritimes
19 Avenue de la Fosse 23,62221,Noyelles-sous-Lens,France,Pas-de-Calais
4 Rue Rhin et Danube,02880,Crouy,France,Aisne
10 Route de Samer,62240,Desvres,France,Pas-de-Calais
11 Rue de Monplaisir,44460,Saint-Nicolas-de-Redon,France,Loire-Atlantique
4 Courtil Tonneau,08380,Signy-le-Petit,France,Ardennes
11 Route du Chiez,03410,Teillet-Argenty,France,Allier
117 Rue Jules Bournet /zac Pasquis,03410,Saint-Victor,France,Allier
47 Rue Jean-baptiste Lebas,59133,Phalempin,France,Nord
42 Rue de la Sucrerie,62175,Boiry-Sainte-Rictrude,France,Pas-de-Calais
1 Rue de la Chapelle,59217,Bévillers,France,Nord
12 Rue Léonard Combes,13500,Martigues,France,Bouches-du-Rhône
1211 Chemin du Moulin Riondaz,01440,Viriat,France,Ain
6 Rue de Verdun,02700,Tergnier,France,Aisne
40 Rue du Point Central,59200,Tourcoing,France,Nord
5 Impasse du Séquoia,85500,Saint-Paul-en-Pareds,France,Vendée
188 Chemin de la Calade,83300,Draguignan,France,Var
100 Rue Guivarmez,59310,Landas,France,Nord
65 Avenue de la Vallée des Baux,13520,Maussane-les-Alpilles,France,Bouches-du-Rhône
26 Rue de la Fontaine,33370,Artigues-près-Bordeaux,France,Gironde
2 Rue des Plantées,03200,Abrest,France,Allier
305 305,44850,Saint-Mars-du-Désert,France,Loire-Atlantique
121 Rue des Gandoux,03410,Domérat,France,Allier
20 Hameau Forestier,83590,Gonfaron,France,Var
28 Rue Gino Valli,62880,Annay,France,Pas-de-Calais
18 Rue du Chateau,77400,Dampmart,France,Seine-et-Marne
6 Boulevard du Merou,83380,Roquebrune-sur-Argens,France,Var
5 Rue Jeanne Jugan,06130,Grasse,France,Alpes-Maritimes
169 Chemin de l'Orge,83230,Bormes-les-Mimosas,France,Var
2074 Route de Rétissinge,01290,Biziat,France,Ain
23 Rue du 11 Novembre,08000,Charleville-Mézières,France,Ardennes
40 40,44210,Pornic,France,Loire-Atlantique
13 Rue de la République,59360,Le Cateau-Cambrésis,France,Nord
600 Domaine de la Vigne,59910,Bondues,France,Nord
31 Allée des Glaïeuls,33470,Gujan-Mestras,France,Gironde
6 Rue du Ferion,06510,Carros,France,Alpes-Maritimes
47 Rue Marchal,59460,Jeumont,France,Nord
54 Avenue du Mont Joli,83120,Sainte-Maxime,France,Var
1 Allee du Jeu de Paume,77200,Torcy,France,Seine-et-Marne
110 Rue de Cannes,06110,Le Cannet,France,Alpes-Maritimes
26 Club de Romagne,38280,Villette-d'Anthon,France,Isère
2 Rue Jules Ferry Imp Merles,62138,Douvrin,France,Pas-de-Calais
19 Rue P et M Curie Bourgogne,38200,Vienne,France,Isère
26 Rue Louis Carmontellle,77240,Seine-Port,France,Seine-et-Marne
34 Rue Georges Guynemer,76270,Neufchâtel-en-Bray,France,Seine-Maritime
9 Rue de la Constitution,44100,Nantes,France,Loire-Atlantique
10 Résidence du Chemin Vert,62153,Souchez,France,Pas-de-Calais
13 Rue du Marmot,76450,Clasville,France,Seine-Maritime
3 Rue du Moulin de Bray,02260,Clairfontaine,France,Aisne
15 Route Vallery,02540,Viels-Maisons,France,Aisne
16 Allée des Ormes,85340,Les Sables-d'Olonne,France,Vendée
75 Allée des Bocages,77360,Vaires-sur-Marne,France,Seine-et-Marne
151 Rue du Mont des Oiseaux,83000,Toulon,France,Var
6 Rue Albert Jean,76200,Dieppe,France,Seine-Maritime
55 Rue de la Fontaine,01460,Nurieux-Volognat,France,Ain
7 Impasse Humbert II,38680,Pont-en-Royans,France,Isère
295 Rue de la Mouillée,02840,Eppes,France,Aisne
1865 Route de Saint Geoire,38620,Massieu,France,Isère
155 Impasse des Fraysses,07120,Saint-Alban-Auriolles,France,Ardèche
4 Rue Paul Bert,03000,Moulins,France,Allier
1771 Route du Stade,33420,Génissac,France,Gironde
75 Route de Saint Julien,07200,Ucel,France,Ardèche
13 Rue Neuve,77410,Villeroy,France,Seine-et-Marne
